"","artists","scientists","controls"
"ASPL",3.005444646098,3.11857229280097,3.21476104053237
"CC",0.704068965517241,0.717655172413793,0.71551724137931
"Q",0.60124362244898,0.597293083900227,0.563314909297052
